{"cameraMode":{"drawMode":0,"name":"Shaded","section":"Shading Mode"},"sceneLighting":true,"audioPlay":false,"sceneViewState":{"showFog":true,"showMaterialUpdate":false,"showSkybox":true,"showFlares":true,"showImageEffects":true,"showParticleSystems":true},"in2DMode":false,"pivot":{"x":3.7606070041656496,"y":0.1365739107131958,"z":-12.679433822631836},"rotation":{"x":-0.09446286410093308,"y":-0.5404525399208069,"z":0.061228808015584949,"w":-0.8338128328323364},"size":10.0,"orthographic":false}