{"cameraMode":{"drawMode":0,"name":"Shaded","section":"Shading Mode"},"sceneLighting":true,"audioPlay":false,"sceneViewState":{"showFog":true,"showMaterialUpdate":false,"showSkybox":true,"showFlares":true,"showImageEffects":true,"showParticleSystems":true},"in2DMode":false,"pivot":{"x":545.3222045898438,"y":174.78848266601563,"z":1447.301025390625},"rotation":{"x":0.053965240716934207,"y":-0.017677612602710725,"z":0.0009553651907481253,"w":0.9983861446380615},"size":2246.656005859375,"orthographic":false}