{"cameraMode":{"drawMode":0,"name":"Shaded","section":"Shading Mode"},"sceneLighting":false,"audioPlay":false,"sceneViewState":{"showFog":true,"showMaterialUpdate":false,"showSkybox":true,"showFlares":true,"showImageEffects":true,"showParticleSystems":true},"in2DMode":false,"pivot":{"x":473.2987365722656,"y":262.8432312011719,"z":1351.9320068359375},"rotation":{"x":-0.008960399776697159,"y":0.09346163272857666,"z":0.0008416441851295531,"w":0.9955843091011047},"size":1720.769775390625,"orthographic":false}